scaler,model,mean_CCC,std_CCC,mean_MAE,std_MAE,mean_RMSE,mean_r,std_r,mean_R2,n_folds,phase,condition,target,target_short,features
RobustScaler,GB,0.0020000000000000074,0.19925681920576768,5.830920000000001,1.1944114123701262,6.7854399999999995,0.008020000000000005,0.25464105521301944,-0.61334,5,latency,CR,phq_8,PHQ8,cross-corpus-882
RobustScaler,Lasso,-0.0031200000000000004,0.14646343229625614,5.38462,0.8772129313912328,6.30214,-0.07415000000000001,0.3320084587275852,-0.396,5,latency,CR,phq_8,PHQ8,cross-corpus-882
RobustScaler,ElasticNet,-0.009000000000000003,0.1690700002957355,5.35536,1.0792051834567882,6.2085799999999995,-0.11098,0.34931884718692174,-0.31896,5,latency,CR,phq_8,PHQ8,cross-corpus-882
RobustScaler,CatBoost,-0.03228,0.1941656689530876,5.58016,1.2540959265542648,6.44568,-0.02133999999999999,0.29914766086332684,-0.42416,5,latency,CR,phq_8,PHQ8,cross-corpus-882
MinMaxScaler,KNN,-0.03775999999999998,0.39671614285279594,5.473540000000001,0.5554126510982622,6.32946,0.026679999999999992,0.47991462990827854,-0.49917999999999996,5,latency,CR,phq_8,PHQ8,cross-corpus-882
StandardScaler,KNN,-0.056579999999999984,0.36212551967515355,5.8098399999999994,0.8756980261482838,6.689800000000001,0.019160000000000003,0.4996799555715638,-0.6782199999999999,5,latency,CR,phq_8,PHQ8,cross-corpus-882
RobustScaler,Ridge,-0.056600000000000004,0.20786140815456822,5.54556,0.845373188597793,6.47616,-0.13682,0.3263602181639178,-0.4673,5,latency,CR,phq_8,PHQ8,cross-corpus-882
RobustScaler,XGB,-0.05875999999999999,0.18819365823534012,6.0353,1.3181547177778485,6.94542,-0.06266000000000001,0.2478096608286287,-0.6727000000000001,5,latency,CR,phq_8,PHQ8,cross-corpus-882
MinMaxScaler,XGB,-0.06559999999999999,0.19702021469889833,6.03086,0.7733100917484524,6.8588000000000005,-0.06476,0.2381235141685928,-0.6681,5,latency,CR,phq_8,PHQ8,cross-corpus-882
MinMaxScaler,LGBM,-0.06727999999999998,0.22560484702239886,5.5102,0.7909378768272508,6.30626,-0.09981999999999999,0.309288622487152,-0.39484,5,latency,CR,phq_8,PHQ8,cross-corpus-882
StandardScaler,XGB,-0.06974,0.2809351579991369,6.23728,1.361777119061706,7.128659999999999,-0.03723999999999998,0.38189800732656354,-0.76908,5,latency,CR,phq_8,PHQ8,cross-corpus-882
MinMaxScaler,CatBoost,-0.07118,0.16160712236779667,5.79636,0.8858549108065045,6.6059,-0.10404000000000002,0.23716055321237553,-0.5107200000000001,5,latency,CR,phq_8,PHQ8,cross-corpus-882
StandardScaler,Lasso,-0.07268000000000001,0.1816108807313042,6.147699999999999,1.278401959479099,7.34764,-0.13342,0.297587267872804,-0.9349399999999999,5,latency,CR,phq_8,PHQ8,cross-corpus-882
RobustScaler,ET,-0.07533999999999999,0.2541509944894963,5.59616,1.1447839394401023,6.367399999999999,-0.08693999999999999,0.37940124274967785,-0.41617999999999994,5,latency,CR,phq_8,PHQ8,cross-corpus-882
RobustScaler,RF,-0.07613999999999999,0.22780530722527076,5.47434,1.182785484777354,6.2750200000000005,-0.08362,0.3957209837751847,-0.36595999999999995,5,latency,CR,phq_8,PHQ8,cross-corpus-882
StandardScaler,GB,-0.07618,0.27012563188264826,6.139539999999999,1.1168813334459482,7.086060000000001,-0.07518,0.3215521994948876,-0.76496,5,latency,CR,phq_8,PHQ8,cross-corpus-882
StandardScaler,CatBoost,-0.08038,0.2389186618914479,5.993360000000001,1.2245511108157143,6.7771,-0.09372,0.3117860917359849,-0.58648,5,latency,CR,phq_8,PHQ8,cross-corpus-882
StandardScaler,LGBM,-0.08102000000000001,0.19666166886305017,5.4367,0.8687243837949988,6.27818,-0.11341999999999999,0.28748730754591584,-0.36204000000000003,5,latency,CR,phq_8,PHQ8,cross-corpus-882
StandardScaler,RF,-0.08892000000000001,0.2523886031499838,5.5468,1.0887039014350963,6.34222,-0.11888000000000001,0.38102767222342265,-0.40326000000000006,5,latency,CR,phq_8,PHQ8,cross-corpus-882
StandardScaler,ElasticNet,-0.09358,0.22591682540262467,6.12806,1.088426638777276,7.30318,-0.14304,0.32384544616220867,-0.91608,5,latency,CR,phq_8,PHQ8,cross-corpus-882
RobustScaler,KNN,-0.09473999999999999,0.1000156137810492,5.9033,0.5277683393308088,6.705879999999999,-0.12725999999999998,0.12482833412330711,-0.61656,5,latency,CR,phq_8,PHQ8,cross-corpus-882
StandardScaler,ET,-0.10698,0.25988854726593863,5.58896,1.0029223464456258,6.40736,-0.12124000000000001,0.37167865556149443,-0.4361,5,latency,CR,phq_8,PHQ8,cross-corpus-882
MinMaxScaler,ElasticNet,-0.11054,0.24041533436950316,5.957560000000001,0.9197749985730203,6.8675000000000015,-0.16086,0.32813214258892714,-0.66008,5,latency,CR,phq_8,PHQ8,cross-corpus-882
StandardScaler,Ridge,-0.1152,0.2637496445495235,6.20046,0.8907509012063921,7.342239999999999,-0.14770000000000003,0.3258052102100272,-0.9385,5,latency,CR,phq_8,PHQ8,cross-corpus-882
RobustScaler,LGBM,-0.11912,0.1720615500337016,5.691000000000001,0.7933665136618764,6.4764,-0.17329999999999998,0.2520882484369313,-0.4666600000000001,5,latency,CR,phq_8,PHQ8,cross-corpus-882
MinMaxScaler,GB,-0.12005999999999997,0.17783204997974913,6.2004399999999995,0.730391510082093,7.167579999999999,-0.14196000000000003,0.2137888748274802,-0.8547800000000001,5,latency,CR,phq_8,PHQ8,cross-corpus-882
MinMaxScaler,ET,-0.12324000000000002,0.24855165056784476,5.565939999999999,0.5976407683550378,6.43092,-0.15996,0.32488289120850916,-0.46629999999999994,5,latency,CR,phq_8,PHQ8,cross-corpus-882
MinMaxScaler,Ridge,-0.12652000000000002,0.28741220746516666,5.81942,0.671417345620442,6.667260000000001,-0.15712,0.33089192646542465,-0.5796,5,latency,CR,phq_8,PHQ8,cross-corpus-882
MinMaxScaler,Lasso,-0.12711999999999998,0.26114333612022345,6.18444,0.987932175303548,7.295140000000001,-0.1608,0.3104006684915482,-0.94208,5,latency,CR,phq_8,PHQ8,cross-corpus-882
MinMaxScaler,RF,-0.13228,0.23062884034742925,5.620019999999999,0.7974350205502638,6.464919999999999,-0.20122,0.32413862312288555,-0.46984000000000004,5,latency,CR,phq_8,PHQ8,cross-corpus-882
RobustScaler,SVR,-0.14035999999999998,0.18987525641852335,5.745400000000001,0.7624708125561264,6.58228,-0.21086,0.21575918983904255,-0.5219400000000001,5,latency,CR,phq_8,PHQ8,cross-corpus-882
RobustScaler,MLP,-0.16140000000000002,0.2335218940485024,7.008719999999999,1.4089370787937978,8.230879999999999,-0.17298,0.24433296339217103,-1.36386,5,latency,CR,phq_8,PHQ8,cross-corpus-882
MinMaxScaler,SVR,-0.16468000000000002,0.2907426301731482,6.3785,1.5715967914831077,7.205519999999998,-0.20378,0.34921051960099947,-0.8661800000000002,5,latency,CR,phq_8,PHQ8,cross-corpus-882
MinMaxScaler,MLP,-0.17872,0.2792355940778324,6.2714799999999995,1.0040781528347285,7.25744,-0.20833999999999997,0.31292616221722336,-0.89734,5,latency,CR,phq_8,PHQ8,cross-corpus-882
StandardScaler,SVR,-0.17962000000000003,0.2620020553354496,5.940980000000001,1.1214449282064634,7.078480000000001,-0.17524,0.31710527116400955,-0.77348,5,latency,CR,phq_8,PHQ8,cross-corpus-882
StandardScaler,MLP,-0.20851999999999998,0.24877970576395494,8.33438,2.3195858266078453,11.5616,-0.22788,0.24538780939565846,-5.2949600000000006,5,latency,CR,phq_8,PHQ8,cross-corpus-882
MinMaxScaler,Ridge,0.07476000000000001,0.2561321787671358,11.90694,1.4917276554384853,14.675220000000001,0.06062000000000001,0.2973567587932045,-0.48697999999999997,5,latency,CR,ads.1,CES-D,cross-corpus-882
StandardScaler,Lasso,0.07370000000000002,0.27166477504453906,11.78634,1.4076940693914999,14.22606,0.07256,0.2940557821230523,-0.3968,5,latency,CR,ads.1,CES-D,cross-corpus-882
StandardScaler,ElasticNet,0.07339999999999999,0.2725418958619023,11.504800000000001,1.4400409317099292,13.862099999999998,0.06543999999999998,0.3029873479206681,-0.31922,5,latency,CR,ads.1,CES-D,cross-corpus-882
MinMaxScaler,ElasticNet,0.07221999999999999,0.24867795841207962,11.90306,1.4930419059758508,14.65258,0.04486,0.2985052981104355,-0.47637999999999997,5,latency,CR,ads.1,CES-D,cross-corpus-882
StandardScaler,Ridge,0.07058,0.27430094239721453,11.67958,1.4245045935341871,14.131639999999999,0.06582,0.3001813818343836,-0.37454,5,latency,CR,ads.1,CES-D,cross-corpus-882
MinMaxScaler,Lasso,0.05294000000000001,0.28304944444389923,11.947859999999999,1.4096242293604349,14.628019999999998,0.03182,0.31406612679497925,-0.48638000000000003,5,latency,CR,ads.1,CES-D,cross-corpus-882
RobustScaler,Lasso,0.03546000000000001,0.30140611805336665,12.67172,3.8953143412310123,15.90564,0.021279999999999986,0.34637762918525783,-0.9479000000000001,5,latency,CR,ads.1,CES-D,cross-corpus-882
StandardScaler,SVR,0.03538,0.2926456765441786,12.52616,1.560514802236749,15.34078,0.04006,0.33619847263186664,-0.63738,5,latency,CR,ads.1,CES-D,cross-corpus-882
StandardScaler,ET,0.03352,0.2588539298523397,11.344899999999999,1.3189618607071245,14.07742,0.061959999999999994,0.33172632244065287,-0.4095999999999999,5,latency,CR,ads.1,CES-D,cross-corpus-882
StandardScaler,XGB,0.030459999999999994,0.28314471211731995,12.261,2.160308009289416,15.4312,0.01964,0.3203010037449149,-0.69492,5,latency,CR,ads.1,CES-D,cross-corpus-882
RobustScaler,MLP,0.02627999999999999,0.2738387518230391,12.33444,1.7517786797994777,15.680600000000002,0.029960000000000004,0.2897400524608222,-0.7050199999999999,5,latency,CR,ads.1,CES-D,cross-corpus-882
StandardScaler,MLP,0.025880000000000004,0.2786817844782827,12.36514,1.5175816989539639,15.28546,0.02026,0.30658808359099676,-0.6171800000000001,5,latency,CR,ads.1,CES-D,cross-corpus-882
RobustScaler,ElasticNet,0.018439999999999998,0.2814063574264093,12.8684,3.979478820775404,16.09148,-0.0025599999999999998,0.32325457924057316,-0.9812799999999999,5,latency,CR,ads.1,CES-D,cross-corpus-882
MinMaxScaler,SVR,0.01777999999999999,0.2107119408101971,11.90166,2.456972452633525,14.273419999999998,0.011420000000000005,0.3160259831089843,-0.4046,5,latency,CR,ads.1,CES-D,cross-corpus-882
StandardScaler,KNN,0.016120000000000002,0.24421134699272268,11.57678,1.6144956230971945,14.313759999999998,0.029859999999999998,0.2920958284536087,-0.4365200000000001,5,latency,CR,ads.1,CES-D,cross-corpus-882
StandardScaler,LGBM,0.013580000000000004,0.26699139873786193,11.312720000000002,1.6283268689056258,13.60912,0.02458000000000001,0.34495330408621977,-0.28914,5,latency,CR,ads.1,CES-D,cross-corpus-882
RobustScaler,Ridge,0.012400000000000005,0.26832721628638423,12.89958,3.5952463430201838,16.04026,-0.0023799999999999863,0.30078922354366355,-0.9399599999999998,5,latency,CR,ads.1,CES-D,cross-corpus-882
StandardScaler,GB,0.006279999999999999,0.27696853070339955,12.69774,1.8440342494107858,15.97642,0.0018800000000000038,0.31460685307221137,-0.84062,5,latency,CR,ads.1,CES-D,cross-corpus-882
MinMaxScaler,MLP,0.005200000000000001,0.2692344610186445,14.01982,3.087518839942519,18.158319999999996,-0.00018000000000000237,0.29638024056944146,-1.4721,5,latency,CR,ads.1,CES-D,cross-corpus-882
MinMaxScaler,ET,-0.015359999999999999,0.183790228249491,11.634200000000002,1.4049690708339453,14.48278,-0.02586,0.24863702057416953,-0.45408,5,latency,CR,ads.1,CES-D,cross-corpus-882
MinMaxScaler,KNN,-0.016999999999999998,0.24616901714066294,12.259960000000001,1.8528697911618075,14.97536,-0.0072000000000000145,0.33760305093408144,-0.56854,5,latency,CR,ads.1,CES-D,cross-corpus-882
StandardScaler,CatBoost,-0.019539999999999995,0.24865253467439258,11.942879999999999,1.3948315801558266,14.7848,-0.011319999999999992,0.31248729094156774,-0.5546800000000001,5,latency,CR,ads.1,CES-D,cross-corpus-882
StandardScaler,RF,-0.05686000000000001,0.21158146894281646,11.75302,1.0143167734982994,14.49006,-0.06332000000000002,0.2655890566269627,-0.48074000000000006,5,latency,CR,ads.1,CES-D,cross-corpus-882
RobustScaler,LGBM,-0.06675999999999997,0.25064170243596734,11.69392,1.1708840151782751,14.04238,-0.06810000000000002,0.32112207180447755,-0.37438000000000005,5,latency,CR,ads.1,CES-D,cross-corpus-882
MinMaxScaler,XGB,-0.07841999999999998,0.3223422668531075,13.518,2.669085698324428,16.532199999999996,-0.11323999999999998,0.37727126580220766,-0.90682,5,latency,CR,ads.1,CES-D,cross-corpus-882
MinMaxScaler,GB,-0.0823,0.24455090472128702,13.22764,2.0301866707275953,15.843219999999999,-0.08621999999999999,0.28343743930539594,-0.73254,5,latency,CR,ads.1,CES-D,cross-corpus-882
MinMaxScaler,RF,-0.0846,0.18818116271295593,11.77356,1.5279632187981487,14.572040000000001,-0.10493999999999999,0.272884321645638,-0.46518,5,latency,CR,ads.1,CES-D,cross-corpus-882
MinMaxScaler,LGBM,-0.08956,0.2618906508449662,11.807020000000001,2.0412425411988653,14.493739999999999,-0.11001999999999998,0.325052221958257,-0.44694,5,latency,CR,ads.1,CES-D,cross-corpus-882
MinMaxScaler,CatBoost,-0.08993999999999999,0.22996178595584094,12.38534,1.8363945526492942,15.060599999999999,-0.11857999999999999,0.31709917533793747,-0.55876,5,latency,CR,ads.1,CES-D,cross-corpus-882
RobustScaler,ET,-0.09123999999999999,0.2725074182476506,11.8101,1.3961026967956183,14.750020000000001,-0.0998,0.3446832241348569,-0.54476,5,latency,CR,ads.1,CES-D,cross-corpus-882
RobustScaler,XGB,-0.09902000000000001,0.29586300377032604,13.546899999999999,2.053694738757442,16.31,-0.13069999999999998,0.37011290844821937,-0.91612,5,latency,CR,ads.1,CES-D,cross-corpus-882
RobustScaler,CatBoost,-0.10708,0.31153224070712165,12.2332,1.681311067292427,15.01772,-0.15219999999999997,0.4328785684230625,-0.6013599999999999,5,latency,CR,ads.1,CES-D,cross-corpus-882
RobustScaler,GB,-0.13102,0.20635207050087964,13.148600000000002,1.3246960953365863,15.942820000000001,-0.19024,0.3151833006363122,-0.80914,5,latency,CR,ads.1,CES-D,cross-corpus-882
RobustScaler,SVR,-0.1341,0.25201465235180276,12.44066,1.8950360136419573,15.142759999999999,-0.16036,0.3068602662450778,-0.5828800000000001,5,latency,CR,ads.1,CES-D,cross-corpus-882
RobustScaler,RF,-0.13463999999999998,0.2433352481659819,11.9119,0.9700870296009535,14.62722,-0.1722,0.32167508451852467,-0.49745999999999996,5,latency,CR,ads.1,CES-D,cross-corpus-882
RobustScaler,KNN,-0.14952,0.26309819839748044,12.640139999999999,2.535260847131908,15.683459999999997,-0.16194000000000003,0.271637042761108,-0.75868,5,latency,CR,ads.1,CES-D,cross-corpus-882
StandardScaler,SVR,0.27013999999999994,0.19144577038942384,4.350479999999999,0.8907974781059946,5.1273,0.344,0.24829899315140205,-0.06847999999999999,5,latency,CR,HRSD_6.1,HRSD6,cross-corpus-882
MinMaxScaler,KNN,0.26586,0.06907168739794908,4.20866,0.6462520970952432,4.97804,0.33258,0.10687219937851003,0.007120000000000004,5,latency,CR,HRSD_6.1,HRSD6,cross-corpus-882
MinMaxScaler,LGBM,0.25095999999999996,0.21284888536236218,4.30358,1.2407778112941898,4.979979999999999,0.31856,0.26315971006215977,0.013219999999999999,5,latency,CR,HRSD_6.1,HRSD6,cross-corpus-882
MinMaxScaler,ET,0.24076,0.16804498802404075,4.19942,0.8564617633029511,4.8316,0.33696,0.23597900965975765,0.059819999999999984,5,latency,CR,HRSD_6.1,HRSD6,cross-corpus-882
StandardScaler,GB,0.23904000000000006,0.3376210716172792,4.397119999999999,1.276910304994051,5.0071,0.27558,0.40986777989981116,-0.032520000000000014,5,latency,CR,HRSD_6.1,HRSD6,cross-corpus-882
StandardScaler,MLP,0.22910000000000003,0.2581169405521459,6.923360000000001,5.1982320838916,11.538619999999998,0.26374000000000003,0.33880431372696546,-6.61276,5,latency,CR,HRSD_6.1,HRSD6,cross-corpus-882
RobustScaler,MLP,0.22336,0.11390795845769514,5.08726,0.76270940272164,5.845840000000001,0.24852000000000002,0.12235753756920739,-0.38432000000000005,5,latency,CR,HRSD_6.1,HRSD6,cross-corpus-882
StandardScaler,ET,0.22077999999999998,0.2757780484375071,4.3338,1.2013643930964493,4.946899999999999,0.28939999999999994,0.3736200610245654,0.01953999999999998,5,latency,CR,HRSD_6.1,HRSD6,cross-corpus-882
MinMaxScaler,XGB,0.21774,0.17002546279895844,4.38934,0.9423302038033167,5.11156,0.27985999999999994,0.23451983498203305,-0.07058,5,latency,CR,HRSD_6.1,HRSD6,cross-corpus-882
StandardScaler,LGBM,0.21458,0.16629271481336758,4.43268,1.0408543327478634,5.1052599999999995,0.27476,0.18650219301659698,-0.02782,5,latency,CR,HRSD_6.1,HRSD6,cross-corpus-882
StandardScaler,KNN,0.20671999999999996,0.2626531591281552,4.44454,0.867912168943379,5.27452,0.25661999999999996,0.3377799387175029,-0.11968000000000001,5,latency,CR,HRSD_6.1,HRSD6,cross-corpus-882
MinMaxScaler,GB,0.20625999999999997,0.23857050949352482,4.48306,0.9459465249156531,5.16742,0.24588000000000002,0.2909284310616616,-0.11173999999999999,5,latency,CR,HRSD_6.1,HRSD6,cross-corpus-882
MinMaxScaler,CatBoost,0.19902000000000003,0.27296857328271323,4.373,1.014492836347305,4.99252,0.26017999999999997,0.3636876228303625,-0.0591,5,latency,CR,HRSD_6.1,HRSD6,cross-corpus-882
MinMaxScaler,Lasso,0.19518,0.2118910380360623,4.63936,1.0985811249061217,5.38682,0.2354,0.272221398864968,-0.15298,5,latency,CR,HRSD_6.1,HRSD6,cross-corpus-882
StandardScaler,XGB,0.19035999999999997,0.3138237291856688,4.5125399999999996,1.2394322825390667,5.25612,0.19916,0.40351675677721244,-0.137,5,latency,CR,HRSD_6.1,HRSD6,cross-corpus-882
RobustScaler,Ridge,0.18747999999999998,0.20443585057420824,4.91944,1.1098356941457594,5.9104600000000005,0.22698000000000002,0.23270707337766938,-0.47431999999999996,5,latency,CR,HRSD_6.1,HRSD6,cross-corpus-882
MinMaxScaler,MLP,0.1846,0.18510514579557208,4.81336,0.968743801528557,5.659940000000001,0.2071,0.2248784115916866,-0.29691999999999996,5,latency,CR,HRSD_6.1,HRSD6,cross-corpus-882
StandardScaler,Lasso,0.18001999999999999,0.229143572896994,5.368720000000001,2.325427065508613,6.6152999999999995,0.23753999999999995,0.3170476273369665,-0.7882199999999999,5,latency,CR,HRSD_6.1,HRSD6,cross-corpus-882
MinMaxScaler,ElasticNet,0.17968,0.1762257699656892,4.56158,1.1053836673300366,5.247059999999999,0.24170000000000003,0.24919358940390102,-0.07827999999999999,5,latency,CR,HRSD_6.1,HRSD6,cross-corpus-882
MinMaxScaler,Ridge,0.17728,0.1958043717591617,4.7209200000000004,1.0177707192683425,5.47174,0.20868000000000003,0.24682672464706895,-0.19146,5,latency,CR,HRSD_6.1,HRSD6,cross-corpus-882
StandardScaler,CatBoost,0.17481999999999998,0.23088884122018544,4.52716,1.1936986943948629,5.14398,0.26856,0.33872873069758935,-0.07176,5,latency,CR,HRSD_6.1,HRSD6,cross-corpus-882
StandardScaler,Ridge,0.17232000000000003,0.21227896033286012,5.495019999999999,2.2011365239348515,6.755199999999999,0.207,0.2584680154293757,-0.84758,5,latency,CR,HRSD_6.1,HRSD6,cross-corpus-882
RobustScaler,ElasticNet,0.16762000000000002,0.2189830975212471,4.96046,1.0757847475215476,5.9214,0.22477999999999998,0.2494817167649766,-0.48103999999999997,5,latency,CR,HRSD_6.1,HRSD6,cross-corpus-882
RobustScaler,LGBM,0.1657,0.1314019977017092,4.630280000000001,0.7753985246310441,5.303839999999999,0.20966,0.15703322259955058,-0.12389999999999998,5,latency,CR,HRSD_6.1,HRSD6,cross-corpus-882
MinMaxScaler,SVR,0.16412,0.19351554717903158,4.8780600000000005,0.9144097675550061,5.8625,0.17922,0.2606947487004677,-0.39981999999999995,5,latency,CR,HRSD_6.1,HRSD6,cross-corpus-882
StandardScaler,ElasticNet,0.164,0.22713820682571217,5.347300000000001,2.310506746365394,6.642060000000001,0.19794,0.2923338040665157,-0.78718,5,latency,CR,HRSD_6.1,HRSD6,cross-corpus-882
RobustScaler,Lasso,0.15996,0.22787756142279564,5.0072,1.0715812918299759,5.9489,0.23142000000000001,0.26163013396778284,-0.4909800000000001,5,latency,CR,HRSD_6.1,HRSD6,cross-corpus-882
StandardScaler,RF,0.14916000000000001,0.22717274924603084,4.501199999999999,1.106586164742719,5.0534799999999995,0.22218,0.34011479973679476,-0.01724,5,latency,CR,HRSD_6.1,HRSD6,cross-corpus-882
RobustScaler,KNN,0.13408000000000003,0.21991734128985826,4.77498,1.0571330436610145,5.6530000000000005,0.17042,0.2803955545296679,-0.32136000000000003,5,latency,CR,HRSD_6.1,HRSD6,cross-corpus-882
RobustScaler,ET,0.13074,0.18083469799792298,4.60438,0.9245929250216012,5.3437,0.19132,0.27272050161291506,-0.16058,5,latency,CR,HRSD_6.1,HRSD6,cross-corpus-882
RobustScaler,SVR,0.11240000000000001,0.10898135161576956,4.9599400000000005,0.8812028557602386,5.82038,0.15276,0.14004311121936702,-0.36664,5,latency,CR,HRSD_6.1,HRSD6,cross-corpus-882
RobustScaler,GB,0.10191999999999998,0.31047976906716485,4.75052,1.2194968355842501,5.57276,0.10486,0.37876754480815805,-0.28650000000000003,5,latency,CR,HRSD_6.1,HRSD6,cross-corpus-882
RobustScaler,CatBoost,0.09716,0.2330635600002712,4.70488,0.89806711163476,5.476440000000001,0.14448,0.3348172217792866,-0.23962000000000003,5,latency,CR,HRSD_6.1,HRSD6,cross-corpus-882
MinMaxScaler,RF,0.08741999999999998,0.2029548644403479,4.526680000000001,0.9870248512575556,5.158620000000001,0.1032,0.37917843424962866,-0.06684,5,latency,CR,HRSD_6.1,HRSD6,cross-corpus-882
RobustScaler,RF,0.08468000000000002,0.2084152273707466,4.652559999999999,0.8889170197493125,5.28534,0.13235999999999998,0.3175317118021443,-0.13744,5,latency,CR,HRSD_6.1,HRSD6,cross-corpus-882
RobustScaler,XGB,0.04338000000000001,0.22962173677594203,4.6789,0.869160140595506,5.7374600000000004,0.06384000000000002,0.31997993374585226,-0.37156,5,latency,CR,HRSD_6.1,HRSD6,cross-corpus-882
MinMaxScaler,SVR,0.22286,0.11196697280894934,7.611580000000001,0.7149112965955986,8.95702,0.27788,0.1441809002607488,-0.19776,5,latency,CR,HRSD_17.1,HRSD17,cross-corpus-882
MinMaxScaler,KNN,0.20568,0.12723182384922416,7.42732,0.561120688444117,8.78594,0.2638,0.14929901205299384,-0.13848,5,latency,CR,HRSD_17.1,HRSD17,cross-corpus-882
MinMaxScaler,MLP,0.19966,0.09560869730312195,7.38276,0.9369510195309042,8.69068,0.25373999999999997,0.10467830720832275,-0.10748000000000002,5,latency,CR,HRSD_17.1,HRSD17,cross-corpus-882
RobustScaler,GB,0.19166,0.07110803752038161,7.168119999999999,1.1709478733060668,8.70852,0.25186000000000003,0.12703451499494142,-0.11720000000000001,5,latency,CR,HRSD_17.1,HRSD17,cross-corpus-882
RobustScaler,LGBM,0.1845,0.13552776468310837,7.324800000000001,1.3928790453589286,8.66002,0.22906000000000004,0.1499003435619812,-0.08708,5,latency,CR,HRSD_17.1,HRSD17,cross-corpus-882
MinMaxScaler,ET,0.17564,0.07713901736475517,7.386799999999999,1.1301887762670448,8.70094,0.23386,0.07399768915310803,-0.10388000000000001,5,latency,CR,HRSD_17.1,HRSD17,cross-corpus-882
StandardScaler,ET,0.17206,0.19751324765696096,7.4667,1.604128224301287,8.66094,0.20774000000000004,0.22878869727327006,-0.07174,5,latency,CR,HRSD_17.1,HRSD17,cross-corpus-882
MinMaxScaler,GB,0.16484000000000001,0.17696011697554906,7.6033,0.9567259821913479,9.0857,0.21946000000000004,0.25349641614823665,-0.2726,5,latency,CR,HRSD_17.1,HRSD17,cross-corpus-882
RobustScaler,MLP,0.16384,0.13802873976096428,7.8075600000000005,1.4043012792844698,9.47486,0.18024,0.15869383415873473,-0.34090000000000004,5,latency,CR,HRSD_17.1,HRSD17,cross-corpus-882
MinMaxScaler,LGBM,0.14872000000000002,0.14582558760382214,7.2512,1.7281082547109141,8.776840000000002,0.20323999999999995,0.16950635091346875,-0.10684,5,latency,CR,HRSD_17.1,HRSD17,cross-corpus-882
StandardScaler,Lasso,0.14701999999999998,0.21040482884192557,7.841220000000002,1.8436148315198595,9.56036,0.16910000000000003,0.2429637627301652,-0.36426,5,latency,CR,HRSD_17.1,HRSD17,cross-corpus-882
StandardScaler,ElasticNet,0.14596000000000003,0.22704601515992304,7.621840000000001,1.967612014092209,9.07798,0.1454,0.2617806906553652,-0.16934,5,latency,CR,HRSD_17.1,HRSD17,cross-corpus-882
StandardScaler,GB,0.14589999999999997,0.25259114196661764,7.6862200000000005,2.248976993435016,9.02924,0.1639,0.29159906549918846,-0.16138,5,latency,CR,HRSD_17.1,HRSD17,cross-corpus-882
RobustScaler,XGB,0.14148,0.15233422793318646,7.3394,0.9744179621702381,9.030199999999999,0.1792,0.1781289841659689,-0.20976,5,latency,CR,HRSD_17.1,HRSD17,cross-corpus-882
MinMaxScaler,RF,0.13852000000000003,0.10501841267130256,7.2980599999999995,1.2968856938836206,8.608520000000002,0.19888,0.140137065047046,-0.06758,5,latency,CR,HRSD_17.1,HRSD17,cross-corpus-882
StandardScaler,KNN,0.13288,0.15587054564605848,7.600980000000002,1.7502679100640568,9.090119999999999,0.1454,0.165029830636767,-0.17701999999999998,5,latency,CR,HRSD_17.1,HRSD17,cross-corpus-882
StandardScaler,XGB,0.13057999999999997,0.26458306257203995,7.7622599999999995,1.9180084522754324,9.2079,0.13834,0.30235543322387975,-0.20558,5,latency,CR,HRSD_17.1,HRSD17,cross-corpus-882
StandardScaler,Ridge,0.13056,0.21940132861949582,7.81546,1.9370292842391414,9.4879,0.134,0.2564194122916594,-0.30923999999999996,5,latency,CR,HRSD_17.1,HRSD17,cross-corpus-882
RobustScaler,CatBoost,0.12841999999999998,0.0715009230709646,7.355120000000001,1.0357143727881737,8.69684,0.20076,0.1470696705646681,-0.1069,5,latency,CR,HRSD_17.1,HRSD17,cross-corpus-882
RobustScaler,ET,0.1246,0.0961767383518489,7.412700000000001,1.0416749805001557,8.93432,0.16242,0.13077001567637742,-0.17168,5,latency,CR,HRSD_17.1,HRSD17,cross-corpus-882
StandardScaler,LGBM,0.11857999999999999,0.11616650549964908,7.52088,1.7337936186293914,9.04898,0.13699999999999998,0.13043249211757016,-0.16764,5,latency,CR,HRSD_17.1,HRSD17,cross-corpus-882
RobustScaler,Lasso,0.11498000000000001,0.1492284222257945,8.024939999999999,1.482280711606273,10.062439999999999,0.13532,0.17790788908870794,-0.5366199999999999,5,latency,CR,HRSD_17.1,HRSD17,cross-corpus-882
MinMaxScaler,Ridge,0.11463999999999999,0.23155822809824744,8.569659999999999,3.484597160792047,11.859559999999998,0.11749999999999998,0.2635755489418546,-1.0812199999999996,5,latency,CR,HRSD_17.1,HRSD17,cross-corpus-882
MinMaxScaler,ElasticNet,0.11402000000000001,0.22314896818045116,8.12632,2.2896507041468133,10.395900000000001,0.12409999999999999,0.24010589330543305,-0.5275399999999999,5,latency,CR,HRSD_17.1,HRSD17,cross-corpus-882
RobustScaler,SVR,0.11163999999999999,0.15727276623751488,7.5727,0.9169398698933315,9.322980000000001,0.13176,0.17247594904797597,-0.2926,5,latency,CR,HRSD_17.1,HRSD17,cross-corpus-882
RobustScaler,ElasticNet,0.1012,0.1287100034962318,7.884740000000001,1.293433654270678,9.881200000000002,0.12271999999999998,0.16222575936022,-0.47631999999999997,5,latency,CR,HRSD_17.1,HRSD17,cross-corpus-882
StandardScaler,CatBoost,0.09838,0.20989509760830527,7.75982,1.5411504297115193,9.095860000000002,0.10735999999999998,0.26250908174766063,-0.16963999999999996,5,latency,CR,HRSD_17.1,HRSD17,cross-corpus-882
MinMaxScaler,Lasso,0.09718,0.2303286391224504,8.830020000000001,3.3970023435376078,12.33368,0.09888000000000001,0.26213749636402645,-1.2528400000000002,5,latency,CR,HRSD_17.1,HRSD17,cross-corpus-882
StandardScaler,MLP,0.08992,0.20476803217299325,8.30226,1.779374372637754,10.136759999999999,0.09630000000000001,0.23336091146548085,-0.5194599999999999,5,latency,CR,HRSD_17.1,HRSD17,cross-corpus-882
MinMaxScaler,XGB,0.08722,0.0984644199698551,7.896600000000001,1.3552243080021844,9.68728,0.10178000000000001,0.10516644902249006,-0.40244,5,latency,CR,HRSD_17.1,HRSD17,cross-corpus-882
RobustScaler,RF,0.08137999999999998,0.12468952241467605,7.458620000000001,1.009206890087459,8.79566,0.1349,0.21714380027990668,-0.14162,5,latency,CR,HRSD_17.1,HRSD17,cross-corpus-882
RobustScaler,Ridge,0.07956000000000002,0.13598219736421382,7.968020000000001,1.5231720887673856,9.92866,0.09947999999999999,0.16931357594711655,-0.48173999999999995,5,latency,CR,HRSD_17.1,HRSD17,cross-corpus-882
StandardScaler,RF,0.07238,0.17214186591297306,7.6782200000000005,1.7213903209324721,8.93724,0.08351999999999998,0.21920562720879225,-0.13418000000000002,5,latency,CR,HRSD_17.1,HRSD17,cross-corpus-882
MinMaxScaler,CatBoost,0.06512,0.11995308249478209,7.7288,1.1240792476511612,9.273940000000001,0.09156,0.1477154798929347,-0.26023999999999997,5,latency,CR,HRSD_17.1,HRSD17,cross-corpus-882
StandardScaler,SVR,0.04764,0.1850615249045571,8.27136,1.9834393078690364,9.901499999999999,0.0436,0.20306514964414746,-0.40758,5,latency,CR,HRSD_17.1,HRSD17,cross-corpus-882
RobustScaler,KNN,0.021219999999999996,0.1563337839368062,7.9988600000000005,1.2710925705864227,9.619679999999999,0.025539999999999997,0.1720637178489411,-0.37146,5,latency,CR,HRSD_17.1,HRSD17,cross-corpus-882
MinMaxScaler,KNN,0.2844,0.1557341324180412,7.62644,1.5764194613109797,9.20624,0.33448,0.17123204139412693,-0.032139999999999995,5,latency,CR,HRSD_21.1,HRSD21,cross-corpus-882
StandardScaler,ET,0.28436000000000006,0.18560675634254267,7.75984,1.8302345896086656,8.87852,0.33586,0.1878540337602576,0.06914000000000001,5,latency,CR,HRSD_21.1,HRSD21,cross-corpus-882
StandardScaler,KNN,0.26684,0.11548269567342113,8.14392,0.9412181771512914,9.482339999999999,0.30082,0.09800549474391729,-0.08914,5,latency,CR,HRSD_21.1,HRSD21,cross-corpus-882
StandardScaler,SVR,0.25216000000000005,0.18043293213823247,7.91868,1.9465190050446461,9.3872,0.2812,0.177173474312607,-0.047540000000000006,5,latency,CR,HRSD_21.1,HRSD21,cross-corpus-882
StandardScaler,MLP,0.22974,0.11463772502976495,8.369800000000001,1.4342179872669278,10.26962,0.25046,0.12203719924678703,-0.30012,5,latency,CR,HRSD_21.1,HRSD21,cross-corpus-882
StandardScaler,Lasso,0.20973999999999998,0.12088342731739532,8.23082,1.242425871833004,10.19938,0.22944,0.11784308634790587,-0.28024000000000004,5,latency,CR,HRSD_21.1,HRSD21,cross-corpus-882
RobustScaler,LGBM,0.20817999999999998,0.09857061935485645,7.786439999999999,1.6725251217844233,9.362219999999999,0.2659,0.11957284390696743,-0.055959999999999996,5,latency,CR,HRSD_21.1,HRSD21,cross-corpus-882
StandardScaler,ElasticNet,0.2036,0.1239608607585475,8.141479999999998,1.3585105196501055,10.03424,0.22474,0.12270137733538282,-0.23378000000000002,5,latency,CR,HRSD_21.1,HRSD21,cross-corpus-882
StandardScaler,Ridge,0.19959999999999997,0.11465014173562978,8.17364,1.4254682714813405,10.1311,0.22233999999999998,0.11834913603402436,-0.26821999999999996,5,latency,CR,HRSD_21.1,HRSD21,cross-corpus-882
MinMaxScaler,ElasticNet,0.19826000000000002,0.098393993719129,8.1495,1.1126731460766008,9.94322,0.22218,0.09934936839255697,-0.20594,5,latency,CR,HRSD_21.1,HRSD21,cross-corpus-882
MinMaxScaler,Ridge,0.19752,0.09783326121519205,8.031020000000002,1.132413684127846,9.86074,0.2191,0.1001696810417204,-0.17838,5,latency,CR,HRSD_21.1,HRSD21,cross-corpus-882
MinMaxScaler,Lasso,0.19574000000000003,0.11854141892182664,8.52716,0.9508084575770243,10.51234,0.21208,0.11956164518774406,-0.3635400000000001,5,latency,CR,HRSD_21.1,HRSD21,cross-corpus-882
MinMaxScaler,LGBM,0.19036,0.09649493769105195,7.876520000000001,1.7626444357839162,9.476659999999999,0.24610000000000004,0.1333813892565226,-0.08120000000000001,5,latency,CR,HRSD_21.1,HRSD21,cross-corpus-882
MinMaxScaler,MLP,0.19008,0.07991227690411529,8.122139999999998,1.0872708232082746,9.88834,0.21298000000000003,0.07787706337555365,-0.18304,5,latency,CR,HRSD_21.1,HRSD21,cross-corpus-882
StandardScaler,XGB,0.18464,0.1468245483561928,8.6205,1.231573791942651,10.05866,0.20458000000000004,0.1542318611701227,-0.23718000000000003,5,latency,CR,HRSD_21.1,HRSD21,cross-corpus-882
RobustScaler,MLP,0.18268,0.10451199452694411,8.64924,1.4082748499493984,10.209819999999999,0.20956000000000002,0.11220785623119266,-0.28389999999999993,5,latency,CR,HRSD_21.1,HRSD21,cross-corpus-882
RobustScaler,KNN,0.1719,0.18051051215926456,7.95396,1.894850299627915,9.8218,0.18773999999999996,0.21717078072337448,-0.16804000000000002,5,latency,CR,HRSD_21.1,HRSD21,cross-corpus-882
MinMaxScaler,ET,0.17094,0.11530252815962015,8.057820000000001,1.5501364462523939,9.52868,0.21558000000000002,0.1327137973234132,-0.09176,5,latency,CR,HRSD_21.1,HRSD21,cross-corpus-882
StandardScaler,LGBM,0.17046,0.09247847317078715,8.15846,1.8055043638828459,9.6238,0.20708,0.10581451696246598,-0.11052,5,latency,CR,HRSD_21.1,HRSD21,cross-corpus-882
StandardScaler,GB,0.16712000000000002,0.21652682743715615,8.56422,1.7579261096530767,10.02074,0.18578,0.23656411815827016,-0.20859999999999998,5,latency,CR,HRSD_21.1,HRSD21,cross-corpus-882
MinMaxScaler,SVR,0.16071999999999997,0.15984957616459294,8.32312,0.7204428270168288,10.11262,0.18992,0.1945331771189686,-0.27612000000000003,5,latency,CR,HRSD_21.1,HRSD21,cross-corpus-882
StandardScaler,RF,0.15526,0.10487946891551274,8.20694,1.7027152119482574,9.3777,0.19816,0.12079115447746992,-0.04324,5,latency,CR,HRSD_21.1,HRSD21,cross-corpus-882
MinMaxScaler,XGB,0.15432,0.11447531174886574,8.546759999999999,1.4297161511992504,10.44296,0.17021999999999998,0.11731793128077227,-0.32388000000000006,5,latency,CR,HRSD_21.1,HRSD21,cross-corpus-882
RobustScaler,XGB,0.15166000000000002,0.16372967965521706,8.37038,1.5117562822756847,10.2203,0.16284,0.17432195214602203,-0.26702,5,latency,CR,HRSD_21.1,HRSD21,cross-corpus-882
RobustScaler,ET,0.14409999999999998,0.2327820869396956,8.24316,2.012171679554207,9.73516,0.16124,0.2535154097880442,-0.13222,5,latency,CR,HRSD_21.1,HRSD21,cross-corpus-882
RobustScaler,Lasso,0.13652,0.14328226338245775,8.51806,1.2664912151294223,10.45672,0.14602,0.15071893378072976,-0.34334000000000003,5,latency,CR,HRSD_21.1,HRSD21,cross-corpus-882
StandardScaler,CatBoost,0.13352,0.11490272842713528,8.580879999999999,1.3469312239309028,9.906619999999998,0.16066,0.1320113176966278,-0.18746,5,latency,CR,HRSD_21.1,HRSD21,cross-corpus-882
RobustScaler,GB,0.12586000000000003,0.18080945218654912,8.5272,1.4608035271726316,10.093879999999999,0.14129999999999998,0.19804301300475105,-0.23874,5,latency,CR,HRSD_21.1,HRSD21,cross-corpus-882
RobustScaler,SVR,0.12478,0.1775717657737288,8.336659999999998,1.720387839412962,9.84128,0.13718,0.17951680144209345,-0.16047999999999998,5,latency,CR,HRSD_21.1,HRSD21,cross-corpus-882
MinMaxScaler,GB,0.12432000000000001,0.1177096087836503,8.56566,1.650033400571031,10.434700000000001,0.1407,0.12069819799814743,-0.30772000000000005,5,latency,CR,HRSD_21.1,HRSD21,cross-corpus-882
MinMaxScaler,RF,0.12014000000000002,0.053946204685779334,8.146379999999999,1.5384882310242094,9.69586,0.15918,0.062294959667697034,-0.12942,5,latency,CR,HRSD_21.1,HRSD21,cross-corpus-882
RobustScaler,Ridge,0.11539999999999999,0.15957711302063338,8.572379999999999,1.3145960356702735,10.50498,0.11204,0.1902425110221162,-0.35523999999999994,5,latency,CR,HRSD_21.1,HRSD21,cross-corpus-882
MinMaxScaler,CatBoost,0.11448,0.0748591143415416,8.64142,1.1999447016425382,10.07296,0.14454,0.09663993998342506,-0.22954,5,latency,CR,HRSD_21.1,HRSD21,cross-corpus-882
RobustScaler,ElasticNet,0.10800000000000001,0.14131923082156936,8.473980000000001,1.4313687459910533,10.412020000000002,0.11057999999999998,0.1674729590112983,-0.32968000000000003,5,latency,CR,HRSD_21.1,HRSD21,cross-corpus-882
RobustScaler,CatBoost,0.10337999999999999,0.1431158167359569,8.38748,1.4608585718679272,9.969899999999999,0.11997999999999998,0.16052762067631848,-0.19776,5,latency,CR,HRSD_21.1,HRSD21,cross-corpus-882
RobustScaler,RF,0.09506,0.15524903542373458,8.36598,1.707991947287809,9.87828,0.11694,0.17527456461221064,-0.17136,5,latency,CR,HRSD_21.1,HRSD21,cross-corpus-882
MinMaxScaler,KNN,0.25188,0.13263116903654285,9.94922,1.7816063894699072,12.40852,0.2907,0.1243648865234878,-0.1721,5,latency,CR,HRSD_24.1,HRSD24,cross-corpus-882
MinMaxScaler,SVR,0.24804000000000004,0.071273017334753,9.874220000000001,1.77926114075478,11.82766,0.31189999999999996,0.03901288248771166,-0.044899999999999995,5,latency,CR,HRSD_24.1,HRSD24,cross-corpus-882
RobustScaler,LGBM,0.23836,0.1032719371368621,10.25306,1.8764635296216123,12.01206,0.3054,0.15266838245032924,-0.09246,5,latency,CR,HRSD_24.1,HRSD24,cross-corpus-882
RobustScaler,GB,0.22038000000000002,0.09195918659927348,10.576180000000003,1.6627394359910999,12.708940000000002,0.2551,0.10175438565486992,-0.20878000000000002,5,latency,CR,HRSD_24.1,HRSD24,cross-corpus-882
StandardScaler,GB,0.2082,0.152166077034272,11.30686,1.4881857689818159,13.08766,0.23536,0.1686929103430254,-0.38351999999999997,5,latency,CR,HRSD_24.1,HRSD24,cross-corpus-882
MinMaxScaler,Ridge,0.20526,0.13317658577993355,10.672239999999999,2.3855252687825383,12.73208,0.22936000000000006,0.14145106220880777,-0.18028,5,latency,CR,HRSD_24.1,HRSD24,cross-corpus-882
RobustScaler,CatBoost,0.20464000000000002,0.06172817833048371,10.11858,1.9692020698750041,12.028400000000001,0.26586,0.09831003509306667,-0.0849,5,latency,CR,HRSD_24.1,HRSD24,cross-corpus-882
MinMaxScaler,ElasticNet,0.2029,0.11169476263460162,10.6474,2.025653920342762,12.678220000000001,0.23611999999999997,0.11922590741948665,-0.19332,5,latency,CR,HRSD_24.1,HRSD24,cross-corpus-882
StandardScaler,KNN,0.20106000000000002,0.07229351976491392,10.67952,1.587621351897234,12.585980000000001,0.25362,0.0758349325838693,-0.22721999999999998,5,latency,CR,HRSD_24.1,HRSD24,cross-corpus-882
RobustScaler,XGB,0.1968,0.13082140497640285,10.527259999999998,2.15103139749284,12.61788,0.20789999999999997,0.13736831876382558,-0.17365999999999998,5,latency,CR,HRSD_24.1,HRSD24,cross-corpus-882
StandardScaler,XGB,0.19463999999999998,0.12817473620023564,10.60958,1.0753437854937364,12.676820000000001,0.24086,0.1431676744240822,-0.25766,5,latency,CR,HRSD_24.1,HRSD24,cross-corpus-882
MinMaxScaler,Lasso,0.18568,0.1113302384799386,11.06898,2.267821558676961,13.411000000000001,0.20266,0.11806825568288878,-0.32444000000000006,5,latency,CR,HRSD_24.1,HRSD24,cross-corpus-882
MinMaxScaler,ET,0.18136000000000002,0.11373263823546871,10.067060000000001,2.141232099283027,12.18342,0.25302,0.16010709540804244,-0.12586,5,latency,CR,HRSD_24.1,HRSD24,cross-corpus-882
MinMaxScaler,GB,0.17386000000000001,0.17954019884137368,10.87218,1.3187245474321012,13.04498,0.22096,0.24076153762592564,-0.40568,5,latency,CR,HRSD_24.1,HRSD24,cross-corpus-882
MinMaxScaler,MLP,0.16326,0.12853467625508688,11.713359999999998,3.0930632022317295,14.63354,0.18159999999999998,0.13298607069915255,-0.56734,5,latency,CR,HRSD_24.1,HRSD24,cross-corpus-882
StandardScaler,Lasso,0.16206,0.11077595858307886,11.178619999999999,2.234265527416112,13.540980000000001,0.18572,0.12456495092922407,-0.3782,5,latency,CR,HRSD_24.1,HRSD24,cross-corpus-882
RobustScaler,Lasso,0.15938000000000002,0.12666758464579642,11.255799999999999,2.0250674680118688,13.237720000000001,0.18406,0.13912252872917458,-0.33340000000000003,5,latency,CR,HRSD_24.1,HRSD24,cross-corpus-882
MinMaxScaler,RF,0.15148,0.07633077361064802,10.288239999999998,2.089306141521629,12.09604,0.22654000000000002,0.09268253880855876,-0.09502,5,latency,CR,HRSD_24.1,HRSD24,cross-corpus-882
MinMaxScaler,LGBM,0.14928,0.08675731669432843,10.60174,1.814595006606157,12.398059999999997,0.18614000000000003,0.08008653444868245,-0.14585999999999996,5,latency,CR,HRSD_24.1,HRSD24,cross-corpus-882
MinMaxScaler,XGB,0.14716,0.11070556896561258,10.58924,0.9914964362013616,13.02576,0.18692,0.1388233841973318,-0.31836000000000003,5,latency,CR,HRSD_24.1,HRSD24,cross-corpus-882
RobustScaler,MLP,0.14331999999999998,0.15412539375456596,11.59642,2.5215675693901214,14.1658,0.15760000000000002,0.15991458657670976,-0.50322,5,latency,CR,HRSD_24.1,HRSD24,cross-corpus-882
StandardScaler,ElasticNet,0.13913999999999999,0.11755240533481227,11.387899999999998,2.5843055769393826,13.868699999999999,0.16648,0.13832748100070352,-0.4196,5,latency,CR,HRSD_24.1,HRSD24,cross-corpus-882
StandardScaler,Ridge,0.13774,0.11203706083256558,11.711920000000001,3.1210572402633048,14.68016,0.15364,0.12367579795578439,-0.5626200000000001,5,latency,CR,HRSD_24.1,HRSD24,cross-corpus-882
RobustScaler,Ridge,0.1373,0.14300120628861843,11.31378,2.0607274448601887,13.296020000000002,0.16084,0.15865164039492313,-0.34084,5,latency,CR,HRSD_24.1,HRSD24,cross-corpus-882
RobustScaler,RF,0.13654,0.08776381942463536,10.529119999999999,1.906830720593729,12.20892,0.18603999999999998,0.11253491902516302,-0.11761999999999999,5,latency,CR,HRSD_24.1,HRSD24,cross-corpus-882
StandardScaler,LGBM,0.13064,0.059543118829970605,10.68526,1.87716755059318,12.3643,0.17368,0.07325334122072523,-0.13628,5,latency,CR,HRSD_24.1,HRSD24,cross-corpus-882
RobustScaler,ET,0.13052000000000002,0.09605036179005262,10.4833,2.4291978583474836,12.399339999999999,0.16748000000000002,0.10866769069047155,-0.1404,5,latency,CR,HRSD_24.1,HRSD24,cross-corpus-882
RobustScaler,ElasticNet,0.12755999999999998,0.12277105929330413,11.13842,2.054475017370618,13.2125,0.14450000000000002,0.1418188809714701,-0.30328,5,latency,CR,HRSD_24.1,HRSD24,cross-corpus-882
StandardScaler,ET,0.12290000000000001,0.08723568650500779,10.8164,1.8797106160257755,12.67398,0.15546,0.10339063303800784,-0.20526,5,latency,CR,HRSD_24.1,HRSD24,cross-corpus-882
StandardScaler,MLP,0.12261999999999999,0.14799169571296897,15.60746,9.778775379003243,25.373179999999998,0.11861999999999999,0.16857888954433173,-4.9085,5,latency,CR,HRSD_24.1,HRSD24,cross-corpus-882
StandardScaler,SVR,0.12148,0.0794707619190857,10.911480000000001,1.1347494313724071,12.858799999999999,0.16276000000000002,0.10631287786528967,-0.27114000000000005,5,latency,CR,HRSD_24.1,HRSD24,cross-corpus-882
RobustScaler,KNN,0.11656,0.1763012705569645,11.099279999999998,2.261691179626431,12.99202,0.11244000000000001,0.20221009618710933,-0.24664000000000003,5,latency,CR,HRSD_24.1,HRSD24,cross-corpus-882
StandardScaler,CatBoost,0.11228,0.10175876866393381,10.938419999999999,1.5569047231606696,12.70376,0.13604000000000002,0.13048842094224303,-0.2233,5,latency,CR,HRSD_24.1,HRSD24,cross-corpus-882
MinMaxScaler,CatBoost,0.10804,0.03510787660910298,10.6739,1.3966540051136502,12.69858,0.14886,0.04348957346307273,-0.21854,5,latency,CR,HRSD_24.1,HRSD24,cross-corpus-882
StandardScaler,RF,0.09232,0.0974954973319281,10.84606,1.7545813640296075,12.53206,0.11316,0.14712086187893275,-0.17271999999999998,5,latency,CR,HRSD_24.1,HRSD24,cross-corpus-882
RobustScaler,SVR,0.07034,0.07582290551014252,11.182839999999999,1.5820956428105097,13.22008,0.09043999999999999,0.10729428223349087,-0.31162,5,latency,CR,HRSD_24.1,HRSD24,cross-corpus-882
